"tweet_id","in_reply_to_status_id","in_reply_to_user_id","timestamp","source","text","retweeted_status_id","retweeted_status_user_id","retweeted_status_timestamp","expanded_urls"
"901160498569162753","","","2017-08-25 19:13:00 +0000","<a href=""http://twitter.com/download/android"" rel=""nofollow"">Twitter for Android</a>","Happy Birthday #Linux 
Thanks @Linus__Torvalds","","","",""
"895341339243499521","","","2017-08-09 17:49:44 +0000","<a href=""http://twitter.com"" rel=""nofollow"">Twitter Web Client</a>","RT @arpanramtek: Checkout Vega-Work bench for Deep Learning by @arya_ai1 Very impressive stuff!
@deekshithmarla @SVinayKumar12 #DeepLearnin…","895339950173855744","97549933","2017-08-09 17:44:13 +0000","https://twitter.com/arpanramtek/status/895339950173855744/photo/1"
"888494102186086400","","","2017-07-21 20:21:16 +0000","<a href=""http://twitter.com/download/android"" rel=""nofollow"">Twitter for Android</a>","RT @iamdevloper: telling a millennial that a package isn't on npm and they'll have to write it by hand

&gt; what's ""by hand""? https://t.co/2h…","887983300865929216","564919357","2017-07-20 10:31:31 +0000","https://twitter.com/iamdevloper/status/887983300865929216/photo/1"
"882224782644621312","","1969337858","2017-07-04 13:09:13 +0000","<a href=""http://twitter.com"" rel=""nofollow"">Twitter Web Client</a>","@Uber_India 2 days back I complained abt charging me for the trip I haven't taken and still no response.","","","",""
"879894795849654272","","","2017-06-28 02:50:41 +0000","<a href=""http://twitter.com"" rel=""nofollow"">Twitter Web Client</a>","RT @hackerfantastic: #Petya encrypts ON BOOT. If you see CHKDSK message your files not yet encrypted, power off immediately. You can recove…","879793827267174400","19026149","2017-06-27 20:09:28 +0000","https://twitter.com/hackerfantastic/status/879793827267174400/photo/1"
"874098007565717504","","","2017-06-12 02:56:19 +0000","<a href=""http://twitter.com"" rel=""nofollow"">Twitter Web Client</a>","RT @sanjivkataria: War of machines_Opportunities in machine learning 2 @Arya_AI1 businesses @sumanlayakET @prasanto https://t.co/XKPuF8BedW…","873785731885420546","17936314","2017-06-11 06:15:27 +0000","http://economictimes.indiatimes.com/news/science/war-of-the-machine-the-opportunities-in-machine-learning-for-businesses/articleshow/59087129.cms,http://economictimes.indiatimes.com/news/science/war-of-the-machine-the-opportunities-in-machine-learning-for-businesses/articleshow/59087129.cms"
"871028925039652865","","4483327348","2017-06-03 15:40:53 +0000","<a href=""http://twitter.com/download/android"" rel=""nofollow"">Twitter for Android</a>","@AndroidWear 2.0!!  #moto360 https://t.co/x8JXSzKCM3","","","","https://twitter.com/deekshithmarla/status/871028925039652865/photo/1"
"870255283070566401","","","2017-06-01 12:26:42 +0000","<a href=""http://twitter.com"" rel=""nofollow"">Twitter Web Client</a>","Know how Insurers are adopting Deep Learning for business transformation. #DeepLearning #insurance #insurtech #AI
https://t.co/ved40HcN0z https://t.co/bmB9BWZkNq","","","","http://bit.ly/2re70hC,https://twitter.com/deekshithmarla/status/870255283070566401/photo/1"
"870100016521650176","","","2017-06-01 02:09:44 +0000","<a href=""http://twitter.com/download/android"" rel=""nofollow"">Twitter for Android</a>","RT @Bill_Gross: Machine learning-based voice recognition finally hit 95% accuracy this year, equaling a typical human. Mary Meeker at #Code…","869956112296009728","47539748","2017-05-31 16:37:54 +0000","https://twitter.com/Bill_Gross/status/869956112296009728/photo/1"
"866974111280447488","","","2017-05-23 11:08:30 +0000","<a href=""http://twitter.com/download/android"" rel=""nofollow"">Twitter for Android</a>","RT @iamdevloper: Feel sorry for all the computer science graduates not realising they're gonna spend most of their time chasing error messa…","866973799178260480","564919357","2017-05-23 11:07:15 +0000",""
"865956696962719745","","","2017-05-20 15:45:39 +0000","<a href=""http://twitter.com/download/android"" rel=""nofollow"">Twitter for Android</a>","RT @ylecun: Nice TEDx talk by Yoshua Bengio about AI, deep learning, the reasons of our common interest in... https://t.co/QVeQPKNohy","865933376414507008","48008938","2017-05-20 14:12:59 +0000","http://fb.me/1VJK6Ou4i,http://fb.me/1VJK6Ou4i"
"865145703059791873","865121156306800640","113317796","2017-05-18 10:03:03 +0000","<a href=""http://twitter.com"" rel=""nofollow"">Twitter Web Client</a>","@spriha_s Can you drop me an email about the information of the event at deekshith[at] arya.ai ?","","","",""
"864283294149496832","","","2017-05-16 00:56:09 +0000","<a href=""http://twitter.com/download/android"" rel=""nofollow"">Twitter for Android</a>","RT @LorcanRK: A flaw in the ransomware hack

(via an old friend) https://t.co/7buAglahC9","864074058358558720","23116875","2017-05-15 11:04:43 +0000","https://twitter.com/LorcanRK/status/864074058358558720/photo/1,https://twitter.com/LorcanRK/status/864074058358558720/photo/1"
"860232194677014528","","","2017-05-04 20:38:32 +0000","<a href=""http://twitter.com/download/android"" rel=""nofollow"">Twitter for Android</a>","It was our pleasure explaining about Arya.ai work and its achievements to @Werner at #AWSSummit Mumbai. https://t.co/u9uawnUgmq","","","","https://twitter.com/deekshithmarla/status/860232194677014528/photo/1"
"857229285647458304","","","2017-04-26 13:46:02 +0000","<a href=""http://twitter.com"" rel=""nofollow"">Twitter Web Client</a>","Check out this job from Arya.ai https://t.co/Lvz6bgpUF2","","","","https://www.linkedin.com/jobs/cap/view/326883166/?pathWildcard=326883166&trk=mcm"
"854627784940978176","","","2017-04-19 09:28:36 +0000","<a href=""http://twitter.com"" rel=""nofollow"">Twitter Web Client</a>","RT @bentossell: Now you can add Stories EVERYWHERE, just like Zuck...

with Zuck.js

https://t.co/XmgzbfWt20 https://t.co/t3wj9uV6qa","854603493012901889","53175441","2017-04-19 07:52:05 +0000","https://www.producthunt.com/posts/zuck-js,https://twitter.com/bentossell/status/854603493012901889/photo/1,https://www.producthunt.com/posts/zuck-js,https://twitter.com/bentossell/status/854603493012901889/photo/1"
"851494483392774144","851493476017373184","61180382","2017-04-10 17:57:59 +0000","<a href=""http://twitter.com"" rel=""nofollow"">Twitter Web Client</a>","@VodafoneIN We had enough!! No more expectations from you. We are happy porting to other operators. Thanks for your services. Cheers :)","","","",""
"851493855752986624","846271706872340481","61180382","2017-04-10 17:55:29 +0000","<a href=""http://twitter.com"" rel=""nofollow"">Twitter Web Client</a>","@VodafoneIN It's been a month... Forget about solution, we had no proper response from your team @VodafoneIN","","","",""
"851491960690925568","846271706872340481","61180382","2017-04-10 17:47:58 +0000","<a href=""http://twitter.com"" rel=""nofollow"">Twitter Web Client</a>","@VodafoneIN Haven't cleared existing problem,now you started charging my father for unnecessary reasons.Feels like porting all our no's from @VodafoneIN","","","",""
"850519285017362433","","","2017-04-08 01:22:54 +0000","<a href=""http://twitter.com/download/android"" rel=""nofollow"">Twitter for Android</a>","RT @naval: Bitcoin cannot coexist with patents. The whole point of Bitcoin is decentralization. Patents are government-enforced centralized…","850515807750762496","745273","2017-04-08 01:09:05 +0000",""
"849562410419728385","","","2017-04-05 10:00:37 +0000","<a href=""http://www.linkedin.com/"" rel=""nofollow"">LinkedIn</a>","Research Scientist: Deep Learning (Arya.ai Labs) - Arya.ai Jobs on AngelList https://t.co/tO7jLyRX7W","","","","https://angel.co/l/Kpx61"
"849259434274693120","","","2017-04-04 13:56:42 +0000","<a href=""http://twitter.com"" rel=""nofollow"">Twitter Web Client</a>","RT @Recode: Visitors to the U.S. may have to hand over their phones and Facebook passwords to get a visa https://t.co/uuG2moLfPj https://t.…","849257778162085888","2244340904","2017-04-04 13:50:07 +0000","https://www.recode.net/2017/4/4/15176658/trump-visa-phone-facebook-password?utm_campaign=recode.net&utm_content=chorus&utm_medium=social&utm_source=twitter,https://www.recode.net/2017/4/4/15176658/trump-visa-phone-facebook-password?utm_campaign=recode.net&utm_content=chorus&utm_medium=social&utm_source=twitter,https://twitter.com/Recode/status/849257778162085888/photo/1"
"846918160989093888","","","2017-03-29 02:53:19 +0000","<a href=""http://twitter.com"" rel=""nofollow"">Twitter Web Client</a>","RT @fightfortheftr: 215 members of Congress just voted to let your ISP spy on what type of underwear you buy and sell that data to advertis…","846850413441798145","382376904","2017-03-28 22:24:06 +0000","https://twitter.com/fightfortheftr/status/846850413441798145/photo/1"
"846270424690286593","846270280511172608","61180382","2017-03-27 07:59:26 +0000","<a href=""http://twitter.com"" rel=""nofollow"">Twitter Web Client</a>","@VodafoneIN There was some network issue. You can call me now.","","","",""
"845519439999057921","845275893786443777","61180382","2017-03-25 06:15:18 +0000","<a href=""http://twitter.com"" rel=""nofollow"">Twitter Web Client</a>","@VodafoneIN Haven't addressed my problem and asking me for the feedback? You say, I'll be receiving a call. How long should I wait?","","","",""
"844041859806588932","844040480132423680","2542889478","2017-03-21 04:23:55 +0000","<a href=""http://twitter.com/download/android"" rel=""nofollow"">Twitter for Android</a>","@ola_supports crn620391649","","","",""
"843063921695105024","841966375665074176","61180382","2017-03-18 11:37:56 +0000","<a href=""http://twitter.com"" rel=""nofollow"">Twitter Web Client</a>","Got a call from @VodafoneIN Social media manager, asking me to go for postpaid connection if I want to retain my no. Is this what I asked?","","","",""
"841957034698395649","","1969337858","2017-03-15 10:19:34 +0000","<a href=""http://twitter.com"" rel=""nofollow"">Twitter Web Client</a>","@Uber_India I know your technology is advanced but never knew your drivers are also advanced that they do a video call while driving!! https://t.co/dhCxUwDsrG","","","","https://twitter.com/deekshithmarla/status/841957034698395649/photo/1"
"841951588746952706","841898893654777857","61180382","2017-03-15 09:57:56 +0000","<a href=""http://twitter.com"" rel=""nofollow"">Twitter Web Client</a>","@VodafoneIN You can call me now.","","","",""
"841876882366816257","","","2017-03-15 05:01:04 +0000","<a href=""http://twitter.com/download/android"" rel=""nofollow"">Twitter for Android</a>","RT @YogiVasupal: I just published “Help! I need everybody…” https://t.co/2ladYJoElW","841755223349694464","718831401068462080","2017-03-14 20:57:38 +0000","https://medium.com/p/help-i-need-everybody-52d0adcb1f09,https://medium.com/p/help-i-need-everybody-52d0adcb1f09"
"841729658676756485","841726552454893570","61180382","2017-03-14 19:16:03 +0000","<a href=""http://twitter.com"" rel=""nofollow"">Twitter Web Client</a>","@VodafoneIN let me know, If you can give back my same number in prepaid. Or else you can happily close this case.","","","",""
"841726325358546949","841287267301785600","57247181","2017-03-14 19:02:49 +0000","<a href=""http://twitter.com"" rel=""nofollow"">Twitter Web Client</a>","@VodafoneIN I don't want to waste my time travelling to your stores now. Time to move on to a better services. Thanks for your time.","","","",""
"841724048124071936","841287267301785600","57247181","2017-03-14 18:53:46 +0000","<a href=""http://twitter.com"" rel=""nofollow"">Twitter Web Client</a>","Still I don't receive any information from @VodafoneIN. Store exec tells me if I apply for postpaid, I can retain my number or it is lost!!","","","",""
"841287267301785600","","61180382","2017-03-13 13:58:09 +0000","<a href=""http://twitter.com/download/android"" rel=""nofollow"">Twitter for Android</a>","@VodafoneIN Are you only providing services for postpaid? I shifted from postpaid 2 prepaid, number got deactivated within a week.","","","",""
"837638879440158720","","","2017-03-03 12:20:46 +0000","<a href=""http://twitter.com/download/android"" rel=""nofollow"">Twitter for Android</a>","RT @manojchinna: Wiki Research tweets about our research publication in AAAI 2017! https://t.co/xNKaIf8aqG","837597029484285953","157292907","2017-03-03 09:34:28 +0000","https://twitter.com/WikiResearch/status/837550923610107905,https://twitter.com/WikiResearch/status/837550923610107905"
"837299289978105856","","","2017-03-02 13:51:21 +0000","<a href=""http://twitter.com/download/android"" rel=""nofollow"">Twitter for Android</a>","RT @FintechValley: It was a great round table discussion with the stakeholders of the Fintech sector. Thank you @aj_11180 &amp; @FintegrateZone…","837292259364204544","796568937618145280","2017-03-02 13:23:25 +0000","https://twitter.com/FintechValley/status/837292259364204544/photo/1"
"837299257426128897","","","2017-03-02 13:51:13 +0000","<a href=""http://twitter.com/download/android"" rel=""nofollow"">Twitter for Android</a>","RT @arunimasingh13: 10 colleges have been identified for blockchain hackathons says @jachowdary @FintechValley CXO Roundtable #FintechLive…","837287746905468930","320624477","2017-03-02 13:05:29 +0000","https://twitter.com/arunimasingh13/status/837287746905468930/photo/1"
"837299248869720065","","","2017-03-02 13:51:11 +0000","<a href=""http://twitter.com/download/android"" rel=""nofollow"">Twitter for Android</a>","RT @FintechValley: Mr. @jachowdary, Spl Chief Secretary, Andhra Pradesh Government on creating manpower. #FintechLive #FZ17 https://t.co/EE…","837287245027688453","796568937618145280","2017-03-02 13:03:29 +0000","https://twitter.com/FintechValley/status/837287245027688453/photo/1"
"837254822751584259","","","2017-03-02 10:54:39 +0000","<a href=""http://twitter.com/download/android"" rel=""nofollow"">Twitter for Android</a>","RT @FintegrateZone: Nice turnout of startups and corporates hearing from @deekshithmarla @arya_ai1 about #AI use cases in #banking &amp; #insur…","837226654720225280","818445311752499201","2017-03-02 09:02:44 +0000","https://twitter.com/FintegrateZone/status/837226654720225280/photo/1"
"835849204463362048","","","2017-02-26 13:49:14 +0000","<a href=""http://twitter.com/download/android"" rel=""nofollow"">Twitter for Android</a>","RT @HackRead: #CloudFlare's #BugBounty reward for hackers is a t-shirt, but that's not a normal t-shirt. CloudFlare employees don't even ha…","835819439446757378","411396541","2017-02-26 11:50:57 +0000","https://twitter.com/HackRead/status/835819439446757378/photo/1"
"835199981573324800","","","2017-02-24 18:49:27 +0000","<a href=""http://twitter.com"" rel=""nofollow"">Twitter Web Client</a>","RT @iamdevloper: You say: ""We added AI to our product""
I hear: ""We added a bunch more IF statements to our codebase""","830070592611172357","564919357","2017-02-10 15:07:05 +0000",""
"835066640534487040","","","2017-02-24 09:59:36 +0000","<a href=""http://twitter.com"" rel=""nofollow"">Twitter Web Client</a>","RT @TheNextWeb: Google is bringing Allo to desktops soon, but maybe it should kill some other apps first https://t.co/zzEF9RX1wP https://t.…","835040237436948480","10876852","2017-02-24 08:14:41 +0000","http://tnw.me/xyYYc62,http://tnw.me/xyYYc62,https://twitter.com/TheNextWeb/status/835040237436948480/photo/1"
"834850404173246465","","","2017-02-23 19:40:21 +0000","<a href=""http://twitter.com/download/android"" rel=""nofollow"">Twitter for Android</a>","RT @TheHackersNews: It's Huge! #Google achieved First-Ever Successful SHA-1 Collision Attack Practically

 https://t.co/xLcdBP1WTs #securit…","834798750560301056","209811713","2017-02-23 16:15:06 +0000","http://thehackernews.com/2017/02/sha1-collision-attack.html,http://thehackernews.com/2017/02/sha1-collision-attack.html,https://twitter.com/TheHackersNews/status/834798750560301056/photo/1"
"831762961698000896","","","2017-02-15 07:11:58 +0000","<a href=""http://twitter.com/download/android"" rel=""nofollow"">Twitter for Android</a>","RT @isro: PSLV-C37 Successfully launched Cartosat-2 Series Satellite along with 103 co-passenger satellites
https://t.co/I4jhAcLcce https:/…","831728194218770432","2253142422","2017-02-15 04:53:48 +0000","http://www.isro.gov.in/pslv-c37-cartosat-2-series-satellite,http://www.isro.gov.in/pslv-c37-cartosat-2-series-satellite,https://twitter.com/isro/status/831728194218770432/photo/1"
"826362357240709120","","","2017-01-31 09:31:53 +0000","<a href=""http://twitter.com"" rel=""nofollow"">Twitter Web Client</a>","RT @wef: These are the most dynamic cities in the world – and they’re not the ones you’d expect https://t.co/MFnwdfud5i #wef17 https://t.co…","826281649956589568","5120691","2017-01-31 04:11:11 +0000","http://wef.ch/2kASRJe,http://wef.ch/2kASRJe,https://twitter.com/wef/status/826281649956589568/photo/1"
"805819449664118784","","","2016-12-05 17:01:42 +0000","<a href=""http://twitter.com"" rel=""nofollow"">Twitter Web Client</a>","RT @digitindia: Dikshit Marla, Founder of Arya.ai, is all about building tools for better implementation of deep learning systems. @nvidia…","805729444123971585","39448240","2016-12-05 11:04:03 +0000","https://twitter.com/digitindia/status/805729444123971585/photo/1"
"776083502441771008","","","2016-09-14 15:41:40 +0000","<a href=""http://twitter.com"" rel=""nofollow"">Twitter Web Client</a>","RT @technewsworld: Arya.ai's Braid Aims to Weave Together Neural Network Components  https://t.co/R2Dp2qRecy https://t.co/MLNt2RGsor","775852838253625344","17543389","2016-09-14 00:25:05 +0000","http://ow.ly/KPIF304bGF3,https://twitter.com/technewsworld/status/775852838253625344/photo/1,http://ow.ly/KPIF304bGF3,https://twitter.com/technewsworld/status/775852838253625344/photo/1"
"763412937289510912","","129420968","2016-08-10 16:33:22 +0000","<a href=""http://twitter.com"" rel=""nofollow"">Twitter Web Client</a>","@sanjaybhadra, our CBO @arya_ai1 , being interviewed on the sidelines of Nasscom Big Data event at Hyderabad. 

https://t.co/gWt8jMPO5x","","","","https://www.youtube.com/watch?v=YcA9sVyV4Lc"
"752932319187435521","","","2016-07-12 18:27:08 +0000","<a href=""http://twitter.com"" rel=""nofollow"">Twitter Web Client</a>","""I wanted to save the world."" Once again, chills and shivers ran down my spine. Definitely a spine-tingling series! #MrRobot","","","",""
"741503425712553984","","","2016-06-11 05:32:47 +0000","<a href=""http://twitter.com/download/android"" rel=""nofollow"">Twitter for Android</a>","View from our office @arya_ai1 #MumbaiRains https://t.co/OcpZrfB1za","","","","https://twitter.com/deekshithmarla/status/741503425712553984/photo/1"
"738610973058027520","","","2016-06-03 05:59:13 +0000","<a href=""http://twitter.com/download/android"" rel=""nofollow"">Twitter for Android</a>","Speaking about Arya.ai at Super Computing Symposium with the co-speakers being from  #nVidia, #Intel, #AMD et al. https://t.co/TEE4Om6cGW","","","","https://twitter.com/deekshithmarla/status/738610973058027520/photo/1"
"736011448611020801","","","2016-05-27 01:49:38 +0000","<a href=""http://twitter.com"" rel=""nofollow"">Twitter Web Client</a>","#AI Pioneers in India @arya_ai1 
https://t.co/mf7GgUECVV","","","","https://www.techinasia.com/meet-7-indias-ai-pioneers"
"733467332429778944","733466920830140421","47134278","2016-05-20 01:20:13 +0000","<a href=""http://twitter.com"" rel=""nofollow"">Twitter Web Client</a>","It was pleasure meeting you @YasaSinggih","","","",""
"733465454023311360","","","2016-05-20 01:12:46 +0000","<a href=""http://twitter.com"" rel=""nofollow"">Twitter Web Client</a>","Forbes 30 Under 30 Asia Summit #Forbes30under30 https://t.co/j1AGcoYC3i","","","","https://twitter.com/deekshithmarla/status/733465454023311360/photo/1"
"733145641040281606","","","2016-05-19 04:01:56 +0000","<a href=""http://twitter.com/download/android"" rel=""nofollow"">Twitter for Android</a>","RT @YasaSinggih: Yo yo yo, meet @deekshithmarla heree :)) #forbes30under30asia https://t.co/UQkNGpZbhs","733145431102775296","47134278","2016-05-19 04:01:06 +0000","https://twitter.com/YasaSinggih/status/733145431102775296/photo/1,https://twitter.com/YasaSinggih/status/733145431102775296/photo/1"
"732121998462066688","","","2016-05-16 08:14:21 +0000","<a href=""http://twitter.com"" rel=""nofollow"">Twitter Web Client</a>","RT @sanjivkataria: Mumbai artificial intelligence startup founders feature on Forbes 30 Under 30 Asia list - Times of India https://t.co/aa…","732116591979073536","17936314","2016-05-16 07:52:52 +0000","https://lnkd.in/b7g8Apb"
"702653378367590400","","","2016-02-25 00:36:34 +0000","<a href=""http://twitter.com"" rel=""nofollow"">Twitter Web Client</a>","Truly honoured to be a part of @ForbesUnder30 list.
#Forbes30Under30Asia https://t.co/I8MQTgawBE","","","","https://twitter.com/deekshithmarla/status/702653378367590400/photo/1"
"690575374606962688","","","2016-01-22 16:42:54 +0000","<a href=""http://twitter.com/download/android"" rel=""nofollow"">Twitter for Android</a>","RT @Snowden: Soon, even D.C. will be Snowden. https://t.co/UcZtWTbmC8","690560342154416128","2916305152","2016-01-22 15:43:10 +0000","https://twitter.com/Snowden/status/690560342154416128/photo/1,https://twitter.com/Snowden/status/690560342154416128/photo/1"
"679273726412783616","","14311612","2015-12-22 12:14:11 +0000","<a href=""http://twitter.com"" rel=""nofollow"">Twitter Web Client</a>","@ravitwo Thanks Ravi :) https://t.co/zF3vZFcibr","","","","https://twitter.com/ravitwo/status/679272749685080064"
"672510090696630272","","","2015-12-03 20:17:54 +0000","<a href=""http://twitter.com"" rel=""nofollow"">Twitter Web Client</a>","RT @eoistockholm: Arya.ai becomes first Indian startup to make it to international innovators lis... https://t.co/u6QXYJRPw2","672435570610712576","273310244","2015-12-03 15:21:47 +0000","http://fb.me/MhrHIwyd,http://fb.me/MhrHIwyd"
"672440407553388544","672435570610712576","273310244","2015-12-03 15:41:01 +0000","<a href=""http://twitter.com"" rel=""nofollow"">Twitter Web Client</a>","Thanks @eoistockholm","","","",""
"628889833776115712","","","2015-08-05 11:26:35 +0000","<a href=""http://www.linkedin.com/"" rel=""nofollow"">LinkedIn</a>","Mean Stack Developer - arya.ai Jobs on AngelList https://t.co/sfAXXq8sFl","","","","https://angel.co/l/JxkAc"
"610381936289132545","","","2015-06-15 09:42:48 +0000","<a href=""http://twitter.com"" rel=""nofollow"">Twitter Web Client</a>","Nice marketing strategy by @MobiKwik to judge the winner by #WantAKwikie","","","",""
"610381843892834304","","43280910","2015-06-15 09:42:26 +0000","<a href=""http://twitter.com"" rel=""nofollow"">Twitter Web Client</a>","@MobiKwik : Sir, May I take your order?
Me: Yes... I #WantAKwikie free recharge offer.
@MobiKwik : Sorry sir, you need to tweet to win.","","","",""
"606454642130583552","","","2015-06-04 13:37:08 +0000","<a href=""http://twitter.com"" rel=""nofollow"">Twitter Web Client</a>","RT @SVForum: Meet our #nextgen #tech judges http://t.co/dVes7HeUiG @chrisyeh John Scull @jwolpert Marc Burch @MarlonCNichols http://t.co/PQ…","606263713448882176","14607461","2015-06-04 00:58:27 +0000","http://www.worldcuptech.com,http://www.worldcuptech.com,https://twitter.com/SVForum/status/606263713448882176/photo/1"
"606346451187163136","","","2015-06-04 06:27:13 +0000","<a href=""http://twitter.com"" rel=""nofollow"">Twitter Web Client</a>","Please vote for Arya!! We're competing in the Silicon Valley World Cup Tech Challenge!! #WCTIndia  #WorldCupTech http://t.co/uaDsHmJnC1","","","","http://www.worldcuptech.com/nextgentech/"
"597937524187607040","","","2015-05-12 01:33:09 +0000","<a href=""http://twitter.com"" rel=""nofollow"">Twitter Web Client</a>","Thank you #CNBCTV18 #YoungTurks  https://t.co/OY4qwIi4tz","","","","https://twitter.com/synadehnugara/status/596623705553272833"
"529187604860657664","","","2014-11-03 08:25:31 +0000","<a href=""http://twitter.com"" rel=""nofollow"">Twitter Web Client</a>","Google also launches http://t.co/vGVvD6SsYH , that enables users discover Hindi language content.","","","","http://hindiweb.com"
"529186130839601153","","","2014-11-03 08:19:40 +0000","<a href=""http://twitter.com"" rel=""nofollow"">Twitter Web Client</a>","Google launches Indian Language Internet Alliance, introduces voice search in Hindi and promotes content in Indian Languages.","","","",""
"527336488036339712","","","2014-10-29 05:49:50 +0000","<a href=""http://twitter.com"" rel=""nofollow"">Twitter Web Client</a>","Nolan himself is unaware!!
#DreamsShattered #NolaninIndia 
http://t.co/7vPQBE0hpv","","","","http://www.hollywoodreporter.com/news/christopher-nolan-be-honored-by-744385"
"525899107915669505","","","2014-10-25 06:38:12 +0000","<a href=""http://twitter.com"" rel=""nofollow"">Twitter Web Client</a>","Ethnic day at @InvenZone on Diwali..!! http://t.co/NFV4jTltvZ","","","","https://twitter.com/deekshithmarla/status/525899107915669505/photo/1"
"524969177451229184","","","2014-10-22 17:03:00 +0000","<a href=""http://twitter.com/download/android"" rel=""nofollow"">Twitter for Android</a>","One of the best Diwali party I was part of with @InvenZone team!! http://t.co/pITi4e2XLX","","","","https://twitter.com/deekshithmarla/status/524969177451229184/photo/1"
"513723073296486400","","","2014-09-21 16:14:59 +0000","<a href=""http://www.google.com/"" rel=""nofollow"">Google</a>","About InvenZone: http://t.co/yCg6nW1Qc6 via @YouTube","","","","http://youtu.be/VMw4YJ7niDo?a"
"490394689393020928","","","2014-07-19 07:16:19 +0000","<a href=""http://twitter.com"" rel=""nofollow"">Twitter Web Client</a>","RT @VentureNursery: Kudos to @SeekSherpa and Invenzone for delivering exhilarating pitches. Made our fourth pitch day a  #grandsuccess. htt…","456360118632714240","480195710","2014-04-16 09:15:05 +0000","https://twitter.com/VentureNursery/status/456360118632714240/photo/1"
"430718572596166657","430717501253488641","735558108","2014-02-04 15:04:44 +0000","<a href=""http://twitter.com"" rel=""nofollow"">Twitter Web Client</a>","@ROFL_India Satya nadella is from Hyderabad and he is a telugu guy. Not Madrasi.","","","",""
"425124546979446784","","","2014-01-20 04:36:05 +0000","<a href=""http://twitter.com"" rel=""nofollow"">Twitter Web Client</a>","#YoKejriwalsobrave if he becomes PM &amp; India gets attacked by Pak. He'll go on Hunger strike against Pak.","","","",""
"411353803397410816","","","2013-12-13 04:36:03 +0000","<a href=""http://twitter.com"" rel=""nofollow"">Twitter Web Client</a>","We all Indians are eligible for Italian passports since Salman kurshid says Sonia mother of the nation.","","","",""
"368806907219161088","","","2013-08-17 18:49:53 +0000","<a href=""http://twitter.com"" rel=""nofollow"">Twitter Web Client</a>","So glad to have the premiership back :) :)
Arsenal loosing,  RVP and Welbeck on fire #ManUtd","","","",""
"366204767837491200","","","2013-08-10 14:29:55 +0000","<a href=""http://twitter.com"" rel=""nofollow"">Twitter Web Client</a>","For Authors,Writers,Poets,Movie-makers &amp; Video-Makers and for those who has one in 'Them'. Bring the 'artist' in you http://t.co/yQGllVjtbt","","","","http://www.lithasa.com"
"364570218019815424","","","2013-08-06 02:14:48 +0000","<a href=""http://twitter.com"" rel=""nofollow"">Twitter Web Client</a>","Tom cruise will likely be 53 when MI5 releases. Need to wait for the goods he deliver at this age. #MissionImpossible","","","",""
"364569185164083201","","","2013-08-06 02:10:41 +0000","<a href=""http://twitter.com"" rel=""nofollow"">Twitter Web Client</a>","Sounds good to me. Christopher McQuarrie confirmed to direct MI 5 :) :)","","","",""
"354922635097944067","","","2013-07-10 11:18:45 +0000","<a href=""http://twitter.com"" rel=""nofollow"">Twitter Web Client</a>","In Bodhgaya, cameras dont work well enough to show the culprits faces &amp; in Delhi metro couples making out z well captured. Incredible India!","","","",""
"354287670005997568","","","2013-07-08 17:15:37 +0000","<a href=""http://twitter.com"" rel=""nofollow"">Twitter Web Client</a>","3 days of continuous cricket for #Srilanka and tomorrow against #India Big match!!","","","",""
"353195335604121601","353187130631143425","56304605","2013-07-05 16:55:04 +0000","<a href=""http://twitter.com"" rel=""nofollow"">Twitter Web Client</a>","@sardesairajdeep Even if Ishrat ws terrorist kiling her in fake encounter is against law bt nailing NaMo by hook/cook is congress conspiracy","","","",""
"333220865145700353","","","2013-05-11 14:03:39 +0000","<a href=""http://twitter.com"" rel=""nofollow"">Twitter Web Client</a>","Oh!! Kapil Sibal is our new law minister? Breaking the law was never this fun :D","","","",""
"332162339480690688","","","2013-05-08 15:57:27 +0000","<a href=""http://twitter.com"" rel=""nofollow"">Twitter Web Client</a>","Congratulations on the record, #Ishant #SRHvsCSK","","","",""
"332161820473294848","","","2013-05-08 15:55:23 +0000","<a href=""http://twitter.com"" rel=""nofollow"">Twitter Web Client</a>","Dale Steyn gave only 7 runs in 3 overs. That means CSK 117 runs in just 11 overs... #SRHvsCSK","","","",""
"332049052592119808","","","2013-05-08 08:27:17 +0000","<a href=""http://twitter.com"" rel=""nofollow"">Twitter Web Client</a>","Sir Alex Ferguson is retiring at the end if the season. Such a sad day. Given the best 30 years in football history, #thankyousiralex!","","","",""
"331088785330798592","","","2013-05-05 16:51:32 +0000","<a href=""http://twitter.com"" rel=""nofollow"">Twitter Web Client</a>","Tough chinese troops has left but this should come as lesson to India that how can somebody have these much guts to come sit and enjoy !!","","","",""
"330750731705544704","","","2013-05-04 18:28:14 +0000","<a href=""http://twitter.com"" rel=""nofollow"">Twitter Web Client</a>","As the quote of the day is ""May the fourth be with you"", does that mean tomorrow is ""Revenge of the fifth""?","","","",""
"329439972711084032","","","2013-05-01 03:39:44 +0000","<a href=""http://twitter.com"" rel=""nofollow"">Twitter Web Client</a>","Despite being eliminated, Real Madrid gave it their all today, hopefully Barcelona is blessed with the same fighting spirit and can win","","","",""
"328537089043988480","","","2013-04-28 15:52:00 +0000","<a href=""http://twitter.com"" rel=""nofollow"">Twitter Web Client</a>","Robin Van Penalty. #GGMU #ARSMU","","","",""
"328200759315419136","","","2013-04-27 17:35:33 +0000","<a href=""http://twitter.com"" rel=""nofollow"">Twitter Web Client</a>","Did I just hear 'cheater' being howled on Virat #Kohli by the Mumbai crowd? Jeez.. cut him some slack! #MIvsRCB #PepsiIPL","","","",""
"328197457248927745","328195482402828288","177547780","2013-04-27 17:22:26 +0000","<a href=""http://twitter.com"" rel=""nofollow"">Twitter Web Client</a>","@cricketicc #IgoWOWwhen Amit Mishra's Hat trick Vs Pune Warriors on 17th April.","","","",""
"328194940674920448","","","2013-04-27 17:12:26 +0000","<a href=""http://twitter.com"" rel=""nofollow"">Twitter Web Client</a>","Even Team India didn't celebrated such a way when they won World cup 2011... #Gayle wicket !!! #MIvsRCB #IPL","","","",""
"328166468392984576","","","2013-04-27 15:19:17 +0000","<a href=""http://twitter.com"" rel=""nofollow"">Twitter Web Client</a>","RT @aurbolo: Akhilesh Yadav cancelled the lecture at Harvard. I think his ppt was there on laptop which crashed as he tried to remove his d…","328165831966081024","75025780","2013-04-27 15:16:46 +0000",""
"328166363879329792","","","2013-04-27 15:18:52 +0000","<a href=""http://twitter.com"" rel=""nofollow"">Twitter Web Client</a>","Hope #MI puts up a good score on board... or we might miss another GAYLE storm... #PepsiIPL #MIvsRCB","","","",""
"327019270917726209","","","2013-04-24 11:20:44 +0000","<a href=""http://twitter.com"" rel=""nofollow"">Twitter Web Client</a>","No matter what team u support, Gayle getting out early &amp; batsmen hitting 4s to Dale Styne really hurts! :'( #IPL6","","","",""
"323814970880049152","","","2013-04-15 15:07:59 +0000","<a href=""http://www.apple.com/"" rel=""nofollow"">OS X</a>","Its a week of regional festivals. Ugadi, Padwa, Vishu and now time for some Shubho Nobo Borsho :)","","","",""
"323802682722750466","","","2013-04-15 14:19:10 +0000","<a href=""http://www.apple.com/"" rel=""nofollow"">OS X</a>","Sanjay Dutt truly is a child at heart. Asks from SC for some Time Please!","","","",""
"321879535589150720","","","2013-04-10 06:57:16 +0000","<a href=""http://www.apple.com/"" rel=""nofollow"">OS X</a>","Looking forward to this Google Bable thingy. 1 app to rule them all - messaging, video chatting, file sharing via phone or desktop.","","","",""
"320431122762833921","","","2013-04-06 07:01:47 +0000","<a href=""http://twitter.com"" rel=""nofollow"">Twitter Web Client</a>","SunRisers Hyderabad trolled everybody with their performance last night. Almost sent TOI in coma :D http://t.co/kpM3S6GRnL","","","","https://twitter.com/deekshithmarla/status/320431122762833921/photo/1"
"317140182870683648","","","2013-03-28 05:04:46 +0000","<a href=""http://twitter.com"" rel=""nofollow"">Twitter Web Client</a>","Google Play Store just got more awesome for us in India. You can now buy and rent movies!!
Thanks Google!!","","","",""
"315806559814942720","","","2013-03-24 12:45:25 +0000","<a href=""http://twitter.com"" rel=""nofollow"">Twitter Web Client</a>","RT @babumoshoy: Ravindra Jadeja cracked the joke that made Mona Lisa smile. She otherwise was in a real foul mood. #JadejaFacts","315769262369275904","23560475","2013-03-24 10:17:13 +0000",""
"310797218879791104","","","2013-03-10 17:00:05 +0000","<a href=""http://twitter.com"" rel=""nofollow"">Twitter Web Client</a>","There is no stopping the red devils tonight! #mantutdchelsea #rooney","","","",""
"301381206342238209","","","2013-02-12 17:24:13 +0000","<a href=""http://twitter.com"" rel=""nofollow"">Twitter Web Client</a>","literally can not wait for Real Madrid v Man United tomorrow.. Game of the year so far by a mile, lets just hope it lives up to the hype!","","","",""
"301380240083652608","","","2013-02-12 17:20:23 +0000","<a href=""http://twitter.com"" rel=""nofollow"">Twitter Web Client</a>","Calling Yasin Malik moderate speaks of media ignorance. Or is it deliberately turning a blind eye despite its own revelations??","","","",""
"299033301128208384","","18839785","2013-02-06 05:54:29 +0000","<a href=""http://twitter.com"" rel=""nofollow"">Twitter Web Client</a>","@narendramodi Is 'untouchability' still going in your state? what is ur reaction for the school students who oppose mid day meals?","","","",""
"298305541397176321","","","2013-02-04 05:42:37 +0000","<a href=""http://twitter.com"" rel=""nofollow"">Twitter Web Client</a>","#NothingFeelsBetterThan knowing that my life isn't perfect but I'm grateful for what I do have :-)","","","",""
"287271000381476865","","","2013-01-04 18:55:18 +0000","<a href=""http://twitter.com"" rel=""nofollow"">Twitter Web Client</a>","#MyLifeStory , I've loved, I've lied, I've hurt, I've lost, I've missed, I've trusted, I've made mistakes and best of all, I've learned. ^_^","","","",""
"287255550117421056","","","2013-01-04 17:53:54 +0000","<a href=""http://twitter.com"" rel=""nofollow"">Twitter Web Client</a>","2 FB girls were arrested for nothing, now after the hate-speech, where is Owaisi?! The Govt breaks its back for Thackeray &amp; also minority.","","","",""
"285799646616494080","","","2012-12-31 17:28:40 +0000","<a href=""http://twitter.com"" rel=""nofollow"">Twitter Web Client</a>","Happy New ... err NO. Survive a New Year :) http://t.co/OsWW1Gda","","","","https://twitter.com/deekshithmarla/status/285799646616494080/photo/1"
"263187280582307840","","","2012-10-30 07:55:12 +0000","<a href=""http://twitter.com"" rel=""nofollow"">Twitter Web Client</a>","I didn't change, I grew up, there's a difference.","","","",""
"256420555849338881","","","2012-10-11 15:46:39 +0000","<a href=""http://twitter.com"" rel=""nofollow"">Twitter Web Client</a>","Rahul Gandhi, you should check your past before commenting such statements.You were detained in some airport since u possessed drugs!!!","","","",""
"255024797443047424","","","2012-10-07 19:20:24 +0000","<a href=""http://twitter.com"" rel=""nofollow"">Twitter Web Client</a>","El clasico should be renamed to: Elmessi vs Elronaldo.","","","",""
"251173186337640448","","","2012-09-27 04:15:28 +0000","<a href=""http://www.google.com/"" rel=""nofollow"">Google</a>","I liked a @YouTube video from @promotingfilms http://t.co/VBD7jBPZ THE HOBBIT - Official Trailer #2 (2012) [HD]","","","","http://youtu.be/7fNZRlbkLO8?a"
"248119781612453888","","","2012-09-18 18:02:20 +0000","<a href=""http://twitter.com"" rel=""nofollow"">Twitter Web Client</a>","When I was little I had a huge imagination. Now I can't even make up a story for English class.","","","",""
"239551686392303616","","","2012-08-26 02:35:47 +0000","<a href=""http://twitter.com"" rel=""nofollow"">Twitter Web Client</a>","I miss when I was little &amp; didnt care about my weight, clothes or hair. I just did what made me happy.","","","",""
"239296812094197761","","","2012-08-25 09:43:00 +0000","<a href=""http://twitter.com"" rel=""nofollow"">Twitter Web Client</a>","India is catching up fast. Beware China! Population, Technology and now ban on Internet content.","","","",""
"238274650168254464","","","2012-08-22 14:01:18 +0000","<a href=""http://twitter.com"" rel=""nofollow"">Twitter Web Client</a>","I wish I could reprogramme my mind .. 
God knows why does it have to be so stupid .","","","",""
"228830630031523841","","","2012-07-27 12:34:08 +0000","<a href=""http://twitter.com"" rel=""nofollow"">Twitter Web Client</a>","Rohit Shekhar is the new Rajnikant, usne apne baap ko paida kiya [:D] #Tiwari","","","",""
"221812701310103552","","","2012-07-08 03:47:23 +0000","<a href=""http://twitter.com"" rel=""nofollow"">Twitter Web Client</a>","RT @Donkeyji: Sibal Effect: Zero in exam? In Andhra, you can still get admission.","221803779681558530","174222069","2012-07-08 03:11:56 +0000",""
"204919807685046273","","","2012-05-22 13:01:04 +0000","<a href=""http://twitter.com"" rel=""nofollow"">Twitter Web Client</a>","is So.cl the only SocialNetwork that allows you log in with your other social network (facebook) credentials?","","","",""
"197057265981857793","","","2012-04-30 20:18:08 +0000","<a href=""http://instagram.com"" rel=""nofollow"">Instagram</a>","Man U vs Man C http://t.co/Ejlf0iG9","","","","http://instagr.am/p/KDo_m2k76Y/"
"197041691474141186","","","2012-04-30 19:16:14 +0000","<a href=""http://twitter.com"" rel=""nofollow"">Twitter Web Client</a>","Kick Off Manchester City vs Manchester United!","","","",""
"176871648471953408","","","2012-03-06 03:27:41 +0000","<a href=""http://twitter.com"" rel=""nofollow"">Twitter Web Client</a>","Does initial leads in UP election any indication of a crash landing of Rahul Gandhi in Indian Politics....???","","","",""
"165736582454841344","","","2012-02-04 10:00:55 +0000","<a href=""http://twitter.com"" rel=""nofollow"">Twitter Web Client</a>","If 'Indian-Scam' as a stock would be trading on a Stock Exchange. It would rise forever with ZERO loss.","","","",""
"138258098992332800","","","2011-11-20 14:11:14 +0000","<a href=""http://twitter.com"" rel=""nofollow"">Twitter Web Client</a>","Past 3 days... Social network around me has been all about the song 'why this kolaveri kolaveri di'. Finally saw/heard it. Superfun!!!","","","",""
"130646726771085312","","","2011-10-30 14:06:21 +0000","<a href=""http://www.sonyericsson.com"" rel=""nofollow"">Sony Ericsson Xperia™</a>","I could honestly say I am happy with
the way my life is going right now.","","","",""
"126368698083704832","","","2011-10-18 18:47:00 +0000","<a href=""http://mobile.twitter.com"" rel=""nofollow"">Mobile Web</a>","RT @fakingnews: Kejriwal attacker is a former Congress worker. In that case, Digvijay Singh might accuse the chappal of being an RSS member.","126357449916686336","17381587","2011-10-18 18:02:18 +0000",""
"126368150789959680","","","2011-10-18 18:44:49 +0000","<a href=""http://www.sonyericsson.com"" rel=""nofollow"">Sony Ericsson Xperia™</a>","Y do ppl that u really don't want in ur life always seeem to pop back up when ur Happy?","","","",""
"124460325239144448","","","2011-10-13 12:23:48 +0000","<a href=""http://twitter.com"" rel=""nofollow"">Twitter Web Client</a>","Best quote I've read today - 10 years ago America had steve jobs, Johny Cash, Bob Hope and now America has NO jobs NO cash NO hope.","","","",""
"119043361331093504","","","2011-09-28 13:38:43 +0000","<a href=""http://twitter.com"" rel=""nofollow"">Twitter Web Client</a>","RT @paulocoelho: Don't waste your time with explanations: people only hear what they want to hear","119030134912192512","5520952","2011-09-28 12:46:10 +0000",""
"119036833257635840","119030134912192512","5520952","2011-09-28 13:12:47 +0000","<a href=""http://twitter.com"" rel=""nofollow"">Twitter Web Client</a>","@paulocoelho unfortunately sometimes we do understand it later sir, with our own sad experiences... but I guess it's truth!","","","",""
"118984831144177664","","","2011-09-28 09:46:09 +0000","<a href=""http://twitter.com"" rel=""nofollow"">Twitter Web Client</a>","Whatever life gives you, even if it hurts, just be strong and act like you’re okay. Strong walls shake, but never collapse.","","","",""
"101279163310276608","101271581929635840","19929890","2011-08-10 13:10:08 +0000","<a href=""http://twitter.com"" rel=""nofollow"">Twitter Web Client</a>","@BDUTT Chidu rejecting the application is projected as a big news by media as if he himself went & caught Afzal guru!Great politics & media.","","","",""
"101274606484205569","","","2011-08-10 12:52:02 +0000","<a href=""http://twitter.com"" rel=""nofollow"">Twitter Web Client</a>","It wud hav been good for India 2 stop the Eng tour putting the blame on riots. Its really painful 2 see the pathetic state of Indian batting","","","",""
"92216516010975232","92193080765190144","18839785","2011-07-16 12:58:25 +0000","<a href=""http://twitter.com"" rel=""nofollow"">Twitter Web Client</a>","@narendramodi If at all Kasab wud hav been punishd in frnt of public til death,no other terrorist cud hav dared 2 thnk of spreadng terrorism","","","",""
"91894294612418560","91862035612172288","816653","2011-07-15 15:38:01 +0000","<a href=""http://twitter.com"" rel=""nofollow"">Twitter Web Client</a>","@TechCrunch Is there enough support for more social media? We have LinkedIn, FB, Twitter, Google+. And now Microsoft?","","","",""
"91881759309971456","91865925896253441","78941611","2011-07-15 14:48:13 +0000","<a href=""http://twitter.com"" rel=""nofollow"">Twitter Web Client</a>","@bhogleharsha control Dada... hope he wont take off his shirt in the commentary box :D","","","",""
"91880926438629377","91870962047397889","56304605","2011-07-15 14:44:54 +0000","<a href=""http://twitter.com"" rel=""nofollow"">Twitter Web Client</a>","@sardesairajdeep Its really shame on media fighting for TRP ratings. wat exactly will u be getting by discussing blast with those kids?","","","",""
"91788573610749952","91573184134004736","56304605","2011-07-15 08:37:55 +0000","<a href=""http://twitter.com"" rel=""nofollow"">Twitter Web Client</a>","@sardesairajdeep Chidambaram has inaugurated NSG hub in mumbai in june 2009. Is dat really functioning nw? if so wat were they dng that day?","","","",""
"86443633338888192","","","2011-06-30 14:39:02 +0000","<a href=""http://twitter.com"" rel=""nofollow"">Twitter Web Client</a>","@RGVzoomin  I feel ur films dont require any trailers as u urself more than enough for advertisng by making controversies in the media :D","","","",""
"85749944660672513","85740414677680128","77888423","2011-06-28 16:42:34 +0000","<a href=""http://twitter.com"" rel=""nofollow"">Twitter Web Client</a>","@OMGFacts wats the success rate?","","","",""
"85749185223200768","85652039132135424","90347940","2011-06-28 16:39:33 +0000","<a href=""http://twitter.com"" rel=""nofollow"">Twitter Web Client</a>","@9XMHaqSe Jack Ass :D","","","",""
"80254032320532480","","","2011-06-13 12:43:47 +0000","<a href=""http://twitter.com"" rel=""nofollow"">Twitter Web Client</a>","@RGVzoomin wat exactly u mean by sequel? r u talking abt ramdev baba? u call up urself as so daring then y dnt u be specific in it?","","","",""
"80113291862618113","79876865803812864","56304605","2011-06-13 03:24:31 +0000","<a href=""http://twitter.com"" rel=""nofollow"">Twitter Web Client</a>","@sardesairajdeep Tweeting about it won't yield anything... Little less conversation, little more action please! Hope we get some clue...","","","",""
"80109785051181056","79910838751862786","90347940","2011-06-13 03:10:35 +0000","<a href=""http://twitter.com"" rel=""nofollow"">Twitter Web Client</a>","@9XMHaqSe Dil chahta hai","","","",""
"46890719826280449","","","2011-03-13 11:09:53 +0000","<a href=""http://twitter.com"" rel=""nofollow"">Twitter Web Client</a>","Never explain yourself to anyone,
Because the person who likes you doesn't need it,
And the person who dislikes you won't believe it......!!","","","",""
"46626828789624832","","","2011-03-12 17:41:16 +0000","<a href=""http://twitter.com"" rel=""nofollow"">Twitter Web Client</a>","India beat Bangladesh beat England beat South Africa beat India. Watta chain...!! LOL!!!","","","",""
"46626619347050496","","","2011-03-12 17:40:26 +0000","<a href=""http://twitter.com"" rel=""nofollow"">Twitter Web Client</a>","It's sad to see India loosing the game despite being in good condition! Sad thing is that we can't defend even big score like 300.","","","",""
"43732874628829184","","","2011-03-04 18:01:44 +0000","<a href=""http://twitter.com"" rel=""nofollow"">Twitter Web Client</a>","Absence from whom we love is worse than death, and frustrates hope severer than despair.","","","",""
"41186856989237248","41185983647072256","257543051","2011-02-25 17:24:46 +0000","<a href=""http://twitter.com"" rel=""nofollow"">Twitter Web Client</a>","@saha_anurag Welcome buddy...
well... wid d start itself u went up wid ur philo?? :D","","","",""
"41186617393815552","","","2011-02-25 17:23:49 +0000","<a href=""http://twitter.com"" rel=""nofollow"">Twitter Web Client</a>","RT @saha_anurag: There are a lot of the things about me that aren't what you thought. But if you love me, you have to love all things ab ...","41185983647072256","257543051","2011-02-25 17:21:18 +0000",""
"24167780064436225","","","2011-01-09 18:17:02 +0000","<a href=""http://twitter.com"" rel=""nofollow"">Twitter Web Client</a>","Therz always going 2 be people that hurt u so what u hav to do is keep on trusting n just be more careful about who u trust nxt time around.","","","",""
"437646820114432","","","2010-11-05 06:41:57 +0000","<a href=""http://twitter.com"" rel=""nofollow"">Twitter Web Client</a>","Wishing all my frnds a very happiee n safe Diwali! :) Let this Diwali bring all of us all happiness and prosperity! :) :)","","","",""
"27610985637","","","2010-10-17 00:00:00 +0000","<a href=""http://twitter.com"" rel=""nofollow"">Twitter Web Client</a>","Celebrate the victory of the forces of good over Evil.Lets celebrate an auspicious day to begin new things in life...HAPPY DUSSERA.","","","",""
"19360497977","","","2010-07-23 00:00:00 +0000","<a href=""http://twitter.com"" rel=""nofollow"">Twitter Web Client</a>","Had a wonderful trek at mahuli(2785feets)...!","","","",""
"18627517225","","","2010-07-15 00:00:00 +0000","<a href=""http://twitter.com"" rel=""nofollow"">Twitter Web Client</a>","India finally with a symbol for Rupee. Way to go...!!!","","","",""
"18021505186","","","2010-07-08 00:00:00 +0000","<a href=""http://twitter.com"" rel=""nofollow"">Twitter Web Client</a>","Itz so weird when you realise an Octopus knows more about football than you :D","","","",""
"18023566638","18022993276","79538420","2010-07-08 00:00:00 +0000","<a href=""http://twitter.com"" rel=""nofollow"">Twitter Web Client</a>","@sreesharans i dunno exactly how it predicts but it was wrong only once and that was also a game between Germany and Spain.","","","",""
"17843941817","16911845628","79538420","2010-07-06 00:00:00 +0000","<a href=""http://twitter.com"" rel=""nofollow"">Twitter Web Client</a>","@sreesharans Happiee budday bro!!!","","","",""
"17894968857","","","2010-07-06 00:00:00 +0000","<a href=""http://twitter.com"" rel=""nofollow"">Twitter Web Client</a>","I really want holland to win coz Van persie plays for Arsenal and they've never won a WC. Also they
invented 'total football' which rocks\m/","","","",""
"16836140919","16789837552","79538420","2010-06-23 00:00:00 +0000","<a href=""http://twitter.com"" rel=""nofollow"">Twitter Web Client</a>","@sreesharans my classmate z wid me n my brother z dng phd over here.","","","",""
"16873789595","16862086979","79538420","2010-06-23 00:00:00 +0000","<a href=""http://twitter.com"" rel=""nofollow"">Twitter Web Client</a>","@sreesharans wat r u nxt plans?","","","",""
"16762474228","16717263934","79538420","2010-06-22 00:00:00 +0000","<a href=""http://twitter.com"" rel=""nofollow"">Twitter Web Client</a>","@sreesharans lolzz... it isnt exactly d same bt d ppl here really frndly.","","","",""
"16699387032","16563333491","79538420","2010-06-21 00:00:00 +0000","<a href=""http://twitter.com"" rel=""nofollow"">Twitter Web Client</a>","@sreesharans vacations keep coming bt nt  d projects :P so had 2 sacrifice. doesnt matter enjoying alot here in iit too.... bdw wer r u?","","","",""
"16713789889","16710815827","79538420","2010-06-21 00:00:00 +0000","<a href=""http://twitter.com"" rel=""nofollow"">Twitter Web Client</a>","@sreesharans nah! therz a compulsion here dat v need 2 stay for 2months so i gonna miss my classes tooo... hehe :D","","","",""
"16599150496","","","2010-06-20 00:00:00 +0000","<a href=""http://twitter.com"" rel=""nofollow"">Twitter Web Client</a>","Happy Father's Day to all the fathers out there! Hope everyone has a great Sunday with those great father figures.
Miss u dad... !!!","","","",""
"16561541380","14569951583","79538420","2010-06-19 00:00:00 +0000","<a href=""http://twitter.com"" rel=""nofollow"">Twitter Web Client</a>","@sreesharans im sry for too late :P :P i dint see ur msg.  yeah dng project over here on bilingual dictionary.","","","",""
"14598598907","14598186216","52399567","2010-05-24 00:00:00 +0000","<a href=""http://twitter.com"" rel=""nofollow"">Twitter Web Client</a>","@rocknrollin1989 i ll txt u dood...","","","",""
"14569768794","","","2010-05-23 00:00:00 +0000","<a href=""http://twitter.com"" rel=""nofollow"">Twitter Web Client</a>","reached IIT-B 2day n had a nice sleep after so many days :) Have 2 start working on our proj 4m 2moro...","","","",""
"14490570798","","","2010-05-22 00:00:00 +0000","<a href=""http://twitter.com"" rel=""nofollow"">Twitter Web Client</a>","uffff.... atlast done wid ma examz.","","","",""
"14490624512","","","2010-05-22 00:00:00 +0000","<a href=""http://twitter.com"" rel=""nofollow"">Twitter Web Client</a>","leaving for mumbai 2nite :) n i ll be bak 2 hyd after 2months.","","","",""
"14404682511","","","2010-05-21 00:00:00 +0000","<a href=""http://twitter.com"" rel=""nofollow"">Twitter Web Client</a>","1more exam to go but no mood 2 study :(
enjoying d laila... :D","","","",""
"13703891060","","","2010-05-10 00:00:00 +0000","<a href=""http://twitter.com"" rel=""nofollow"">Twitter Web Client</a>","Aaaahhh....! EXAMS season ahead.... :( need to be serioz atleast now.","","","",""
"13527792639","","","2010-05-07 00:00:00 +0000","<a href=""http://twitter.com"" rel=""nofollow"">Twitter Web Client</a>","Im feeling bored and lonely... have a lot on my mind... no one to talk to, and nothing to do (downloading music but Im running out of songs)","","","",""
"13530045776","13528868171","52399567","2010-05-07 00:00:00 +0000","<a href=""http://twitter.com"" rel=""nofollow"">Twitter Web Client</a>","@rocknrollin1989 done wid housefull... n no extra money. i need 2 save for ma parents mrrg day :)","","","",""
"13467988689","","","2010-05-06 00:00:00 +0000","<a href=""http://twitter.com"" rel=""nofollow"">Twitter Web Client</a>","One of the hardest things to teach is that the truth is more important than the consequences.","","","",""
"13468355965","","","2010-05-06 00:00:00 +0000","<a href=""http://twitter.com"" rel=""nofollow"">Twitter Web Client</a>","Judgement day for kasab... will it be death or a life term in prison?","","","",""
